<?xml version="1.0" encoding="UTF-8"?>
<project-private xmlns="http://www.netbeans.org/ns/project-private/1">
    <editor-bookmarks xmlns="http://www.netbeans.org/ns/editor-bookmarks/2" lastBookmarkId="0"/>
    <open-files xmlns="http://www.netbeans.org/ns/projectui-open-files/2">
        <group>
            <file>file:/C:/WORKSPACE/Java/JavaProjet/src/javaprojet/controller/Run.java</file>
            <file>file:/C:/WORKSPACE/Java/JavaProjet/src/javaprojet/model/bdd/GestionDocument.java</file>
            <file>file:/C:/WORKSPACE/Java/JavaProjet/src/javaprojet/view/Accueil_1.java</file>
            <file>file:/C:/WORKSPACE/Java/JavaProjet/src/javaprojet/controller/Controller.java</file>
            <file>file:/C:/WORKSPACE/Java/JavaProjet/src/javaprojet/model/bdd/DBconnexion.java</file>
            <file>file:/C:/WORKSPACE/Java/JavaProjet/src/javaprojet/model/bdd/GestionEtudiant.java</file>
            <file>file:/C:/WORKSPACE/Java/JavaProjet/src/javaprojet/model/bdd/GestionResponsable.java</file>
        </group>
    </open-files>
</project-private>
